{"cameraMode":{"drawMode":0,"name":"Shaded","section":"Shading Mode"},"sceneLighting":false,"audioPlay":false,"sceneViewState":{"showFog":true,"showMaterialUpdate":true,"showSkybox":true,"showFlares":true,"showImageEffects":true,"showParticleSystems":true},"in2DMode":false,"pivot":{"x":18.561315536499025,"y":5.991461277008057,"z":25.319976806640626},"rotation":{"x":-0.18483100831508637,"y":-0.7792840003967285,"z":0.2695091962814331,"w":-0.5348216891288757},"size":9.038034439086914,"orthographic":false}