{"cameraMode":{"drawMode":0,"name":"Shaded","section":"Shading Mode"},"sceneLighting":false,"audioPlay":false,"sceneViewState":{"showFog":true,"showMaterialUpdate":true,"showSkybox":true,"showFlares":true,"showImageEffects":true,"showParticleSystems":true},"in2DMode":false,"pivot":{"x":106.990966796875,"y":393.8700256347656,"z":1544.041015625},"rotation":{"x":-0.13613761961460114,"y":0.5068607330322266,"z":-0.08143792301416397,"w":-0.8473053574562073},"size":1425.9156494140625,"orthographic":false}