{"cameraMode":{"drawMode":0,"name":"Shaded","section":"Shading Mode"},"sceneLighting":false,"audioPlay":false,"sceneViewState":{"showFog":true,"showMaterialUpdate":true,"showSkybox":true,"showFlares":true,"showImageEffects":true,"showParticleSystems":true},"in2DMode":false,"pivot":{"x":1.2135168313980103,"y":2.806913375854492,"z":-1.5097111463546754},"rotation":{"x":0.012293427251279354,"y":-0.1291295289993286,"z":0.0016043755458667875,"w":0.9915547966957092},"size":1.5223979949951172,"orthographic":false}