{"cameraMode":{"drawMode":0,"name":"Shaded","section":"Shading Mode"},"sceneLighting":false,"audioPlay":false,"sceneViewState":{"showFog":true,"showMaterialUpdate":true,"showSkybox":true,"showFlares":true,"showImageEffects":true,"showParticleSystems":true},"in2DMode":false,"pivot":{"x":-1.4618167877197266,"y":3.020822525024414,"z":-6.49273681640625},"rotation":{"x":-0.10731790959835053,"y":0.8698950409889221,"z":-0.217317596077919,"w":-0.42957979440689089},"size":35.145198822021487,"orthographic":false}