{"cameraMode":{"drawMode":0,"name":"Shaded","section":"Shading Mode"},"sceneLighting":false,"audioPlay":false,"sceneViewState":{"showFog":true,"showMaterialUpdate":true,"showSkybox":true,"showFlares":true,"showImageEffects":true,"showParticleSystems":true},"in2DMode":false,"pivot":{"x":6.309848308563232,"y":-0.5823054909706116,"z":8.07547378540039},"rotation":{"x":0.13248834013938905,"y":0.5269848704338074,"z":-0.08361032605171204,"w":0.835334837436676},"size":17.565927505493165,"orthographic":false}