{"cameraMode":{"drawMode":0,"name":"Shaded","section":"Shading Mode"},"sceneLighting":false,"audioPlay":false,"sceneViewState":{"showFog":true,"showMaterialUpdate":true,"showSkybox":true,"showFlares":true,"showImageEffects":true,"showParticleSystems":true},"in2DMode":false,"pivot":{"x":-0.24696236848831178,"y":-11.757479667663575,"z":18.831663131713868},"rotation":{"x":0.30962756276130679,"y":0.010272013954818249,"z":-0.0033742135856300594,"w":0.9508320093154907},"size":22.0,"orthographic":false}