{"cameraMode":{"drawMode":0,"name":"Shaded","section":"Shading Mode"},"sceneLighting":false,"audioPlay":false,"sceneViewState":{"showFog":true,"showMaterialUpdate":true,"showSkybox":true,"showFlares":true,"showImageEffects":true,"showParticleSystems":true},"in2DMode":false,"pivot":{"x":3.0947139263153078,"y":0.7153167128562927,"z":15.853872299194336},"rotation":{"x":0.06712047755718231,"y":-0.5226624011993408,"z":0.0413137786090374,"w":0.8489183187484741},"size":5.47243070602417,"orthographic":false}