{"cameraMode":{"drawMode":0,"name":"Shaded","section":"Shading Mode"},"sceneLighting":false,"audioPlay":false,"sceneViewState":{"showFog":true,"showMaterialUpdate":true,"showSkybox":true,"showFlares":true,"showImageEffects":true,"showParticleSystems":true},"in2DMode":false,"pivot":{"x":-39.691673278808597,"y":14.959744453430176,"z":9.6464262008667},"rotation":{"x":0.033692870289087298,"y":0.7493062615394592,"z":-0.03801412880420685,"w":0.6605009436607361},"size":7.10153865814209,"orthographic":false}