{"cameraMode":{"drawMode":0,"name":"Shaded","section":"Shading Mode"},"sceneLighting":false,"audioPlay":false,"sceneViewState":{"showFog":true,"showMaterialUpdate":true,"showSkybox":true,"showFlares":true,"showImageEffects":true,"showParticleSystems":true},"in2DMode":false,"pivot":{"x":19.70530891418457,"y":-6.59702205657959,"z":5.44560432434082},"rotation":{"x":-0.12653186917304994,"y":-0.6326451897621155,"z":0.10584796965122223,"w":-0.7567309737205505},"size":22.943445205688478,"orthographic":false}