{"cameraMode":{"drawMode":0,"name":"Shaded","section":"Shading Mode"},"sceneLighting":false,"audioPlay":false,"sceneViewState":{"showFog":true,"showMaterialUpdate":true,"showSkybox":true,"showFlares":true,"showImageEffects":true,"showParticleSystems":true},"in2DMode":false,"pivot":{"x":-14.031265258789063,"y":2.2354815006256105,"z":-22.844722747802736},"rotation":{"x":0.0981912687420845,"y":0.5178542137145996,"z":-0.05997682362794876,"w":0.8477523326873779},"size":17.565927505493165,"orthographic":false}