{"cameraMode":{"drawMode":0,"name":"Shaded","section":"Shading Mode"},"sceneLighting":false,"audioPlay":false,"sceneViewState":{"showFog":true,"showMaterialUpdate":true,"showSkybox":true,"showFlares":true,"showImageEffects":true,"showParticleSystems":true},"in2DMode":false,"pivot":{"x":-3.5834882259368898,"y":-0.39094066619873049,"z":13.294241905212403},"rotation":{"x":0.05831604450941086,"y":0.37250494956970217,"z":-0.023457594215869905,"w":0.9259071350097656},"size":1.5223979949951172,"orthographic":false}