{"cameraMode":{"drawMode":0,"name":"Shaded","section":"Shading Mode"},"sceneLighting":false,"audioPlay":false,"sceneViewState":{"showFog":true,"showMaterialUpdate":true,"showSkybox":true,"showFlares":true,"showImageEffects":true,"showParticleSystems":true},"in2DMode":false,"pivot":{"x":0.24566012620925904,"y":3.291412353515625,"z":-2.494019031524658},"rotation":{"x":0.1735123246908188,"y":0.22958514094352723,"z":-0.041634451597929,"w":0.9567950963973999},"size":14.26257038116455,"orthographic":false}