{"cameraMode":{"drawMode":0,"name":"Shaded","section":"Shading Mode"},"sceneLighting":false,"audioPlay":false,"sceneViewState":{"showFog":true,"showMaterialUpdate":true,"showSkybox":true,"showFlares":true,"showImageEffects":true,"showParticleSystems":true},"in2DMode":false,"pivot":{"x":2.8808135986328127,"y":2.536367177963257,"z":12.364957809448243},"rotation":{"x":-0.0013417925219982863,"y":-0.8848913908004761,"z":0.002566463779658079,"w":-0.4658393859863281},"size":5.47243070602417,"orthographic":false}