{"cameraMode":{"drawMode":0,"name":"Shaded","section":"Shading Mode"},"sceneLighting":false,"audioPlay":false,"sceneViewState":{"showFog":true,"showMaterialUpdate":true,"showSkybox":true,"showFlares":true,"showImageEffects":true,"showParticleSystems":true},"in2DMode":false,"pivot":{"x":17.639816284179689,"y":1.8915520906448365,"z":-13.250320434570313},"rotation":{"x":0.008959256112575531,"y":0.5899069905281067,"z":0.006560335401445627,"w":-0.807440459728241},"size":1.6878122091293336,"orthographic":false}