{"cameraMode":{"drawMode":0,"name":"Shaded","section":"Shading Mode"},"sceneLighting":false,"audioPlay":false,"sceneViewState":{"showFog":true,"showMaterialUpdate":true,"showSkybox":true,"showFlares":true,"showImageEffects":true,"showParticleSystems":true},"in2DMode":false,"pivot":{"x":-0.6131489276885986,"y":-0.4149888753890991,"z":3.289875030517578},"rotation":{"x":-0.2967912554740906,"y":-0.007960785180330277,"z":0.002511686412617564,"w":-0.9550124406814575},"size":2.595729112625122,"orthographic":false}