{"cameraMode":{"drawMode":0,"name":"Shaded","section":"Shading Mode"},"sceneLighting":false,"audioPlay":false,"sceneViewState":{"showFog":true,"showMaterialUpdate":true,"showSkybox":true,"showFlares":true,"showImageEffects":true,"showParticleSystems":true},"in2DMode":false,"pivot":{"x":-1.1726182699203492,"y":1.9277243614196778,"z":0.7612278461456299},"rotation":{"x":0.18441060185432435,"y":-0.6312204599380493,"z":0.15802641212940217,"w":0.7366045117378235},"size":3.43068265914917,"orthographic":false}