{"cameraMode":{"drawMode":0,"name":"Shaded","section":"Shading Mode"},"sceneLighting":false,"audioPlay":false,"sceneViewState":{"showFog":true,"showMaterialUpdate":true,"showSkybox":true,"showFlares":true,"showImageEffects":true,"showParticleSystems":true},"in2DMode":false,"pivot":{"x":10.347000122070313,"y":3.7163987159729006,"z":3.310999870300293},"rotation":{"x":0.015564457513391972,"y":0.9844315052032471,"z":-0.12559787929058076,"w":0.1219959408044815},"size":24.02454948425293,"orthographic":false}