{"cameraMode":{"drawMode":0,"name":"Shaded","section":"Shading Mode"},"sceneLighting":false,"audioPlay":false,"sceneViewState":{"showFog":true,"showMaterialUpdate":true,"showSkybox":true,"showFlares":true,"showImageEffects":true,"showParticleSystems":true},"in2DMode":false,"pivot":{"x":1.795210838317871,"y":1.1414964199066163,"z":1.0001250505447388},"rotation":{"x":-0.010646557435393334,"y":-0.9536077976226807,"z":-0.03396552801132202,"w":0.29895639419555666},"size":2.800459861755371,"orthographic":false}