{"cameraMode":{"drawMode":0,"name":"Shaded","section":"Shading Mode"},"sceneLighting":true,"audioPlay":false,"sceneViewState":{"showFog":true,"showMaterialUpdate":false,"showSkybox":true,"showFlares":true,"showImageEffects":true,"showParticleSystems":true},"in2DMode":false,"pivot":{"x":0.06926645338535309,"y":1.0108115673065186,"z":1.6541988849639893},"rotation":{"x":0.0367760956287384,"y":-0.9464905261993408,"z":0.11582326889038086,"w":0.29930177330970766},"size":0.12110525369644165,"orthographic":false}