{"cameraMode":{"drawMode":0,"name":"Shaded","section":"Shading Mode"},"sceneLighting":true,"audioPlay":false,"sceneViewState":{"showFog":true,"showMaterialUpdate":false,"showSkybox":true,"showFlares":true,"showImageEffects":true,"showParticleSystems":true},"in2DMode":false,"pivot":{"x":0.8170033693313599,"y":2.8880441188812258,"z":2.852677345275879},"rotation":{"x":0.06063369661569595,"y":-0.9395782351493836,"z":0.23619292676448823,"w":0.24067139625549317},"size":0.12110525369644165,"orthographic":false}