{"cameraMode":{"drawMode":0,"name":"Shaded","section":"Shading Mode"},"sceneLighting":false,"audioPlay":false,"sceneViewState":{"showFog":true,"showMaterialUpdate":false,"showSkybox":false,"showFlares":true,"showImageEffects":true,"showParticleSystems":true},"in2DMode":false,"pivot":{"x":-0.003988832235336304,"y":0.2968776822090149,"z":0.07464909553527832},"rotation":{"x":-0.029385525733232499,"y":0.9336493611335754,"z":0.07826421409845352,"w":0.34854164719581606},"size":2.2211050987243654,"orthographic":false}